id;url;height;width
fd901722-6190-41b6-bc72-afec7bfbdcbf;https://coordinated-airline.name/;7104;23309
74a76470-e51a-4f4e-aaa1-b1ef00a29052;https://round-entry.name/;8492;11460
86c9247e-d118-4077-98ae-c1bb65b0ef84;https://unruly-unibody.name/;1627;2894
ddd35c31-2ea9-431d-a41b-f5600534b548;https://alienated-rim.com;15943;9949
48aa7a18-7b68-4e39-a85f-d909df8860b1;https://glum-handover.name/;2312;24198
4bd2a739-884e-4aff-ab4c-4e6c4c96e9c0;https://impressive-devastation.net;14630;19238
bdb83934-c371-477e-b440-13c887af2d5c;https://trim-climb.com;28800;6404
999bde66-baa5-4c50-b7db-e7f99966825a;https://those-reward.name/;19116;5122
bafb918d-9686-4ffd-b40d-9aeaf39c45e4;https://chilly-stall.org/;16950;7091
190586ef-1ddc-475f-bedc-823f098fc82d;https://robust-disconnection.biz/;2429;1695
