id;token_hash;expires_at;created_at;revoked_at;device_info;ip_address
1;versus dual midst;2025-11-21T22:48:40;2025-11-22T12:36:41;2025-11-22T06:16:50;ha;atomize fooey
2;actually woefully woot;2025-11-21T17:50:03;2025-11-22T05:05:21;2025-11-22T05:37:53;supposing likewise;case
3;dicker roughly noxious;2025-11-21T17:33:48;2025-11-22T01:37:45;2025-11-21T21:44:15;clamor against;spew range
4;phew plait;2025-11-21T18:56:24;2025-11-22T08:24:30;2025-11-22T14:29:52;zowie minion well;yahoo before
5;apropos across mom;2025-11-22T08:13:41;2025-11-22T01:30:38;2025-11-22T07:38:54;ameliorate cruelly yet;interchange
6;anenst;2025-11-22T05:01:38;2025-11-22T10:36:56;2025-11-22T16:36:29;commercial once astride;arrogantly inconsequential under
7;aha give;2025-11-21T18:12:18;2025-11-22T02:48:12;2025-11-22T05:50:32;peppery merry international;flawed
8;sate;2025-11-22T13:48:30;2025-11-22T00:15:20;2025-11-21T21:30:13;anenst widow;heartbeat in micromanage
9;past untimely;2025-11-21T18:45:06;2025-11-21T16:49:37;2025-11-21T17:04:11;swath coil;mean awkwardly amongst
10;silently;2025-11-22T07:32:12;2025-11-22T03:38:07;2025-11-22T11:39:31;decent after;flimsy so triumphantly
