id;name
246f697f-2201-45e1-a18c-22f3367d6b29;knowingly gosh upon
b19be347-8ab9-446b-8937-08ce64c00cd2;flustered willfully rosy
70b673b9-e40c-4955-945e-86ebcfb44ab2;wilted to arrogantly
650251ee-5066-4e4b-aefd-3022ec3aeb4e;judicious curly integer
0199a7a0-98c2-49da-b022-9ca8d2b7c66c;palate
2db01503-2f48-406b-94e6-7581f470efe2;source
d6a0a7b8-366a-4238-be9f-876d72004f90;the
33746736-0422-4c42-aeb6-f6200d1bd569;quarterly overdue license
25508b35-69c0-45b2-acfe-9ba5b9712261;promptly vainly retool
8c3a41f8-cbed-4466-ada9-db43a41c9a64;like underneath
