id;access_token;refresh_token;token_type;expires_at;scope
1;what summarise;amused gee amidst;amid;2025-11-22T09:53:27;unbearably amid when
2;warm;as;boohoo;2025-11-22T02:14:21;anxiously famously except
3;coarse;that;unhappy crooked;2025-11-22T02:39:02;casement abnormally plugin
4;drat gallery than;guilty whoa;peony;2025-11-22T01:51:25;underneath
5;whoa;unfortunately;rowdy bitter cleverly;2025-11-21T18:37:35;immediately
6;indeed;leading angle as;how across;2025-11-21T16:48:11;yippee frequent inside
7;stealthily unless gadzooks;blossom cross;aw when loyally;2025-11-22T07:35:25;er kinase
8;trim where;backburn middle;riser;2025-11-22T14:15:57;compassionate
9;underplay contrail strong;though drat following;convoke quarrel woefully;2025-11-22T01:16:26;about live
10;curry atop;about but;seemingly;2025-11-22T11:23:37;knuckle yum although
